dataset,namespace,index_name,user_namespace,embed_model,top_k,persona,combine_strategy,rerank_strategy,update_strategy,alpha_mode,alpha_value,alpha_start,alpha_step,alpha_floor,final_alpha,case_count,mean_baseline_score,mean_post_score,mean_delta,wins,mean_baseline_rank,mean_post_rank,expected_retrieval_rate
civil,zai,541,users,llama-text-embed-v2,5,civil,linear-comb,cross-encoder,moving-average,sliding,,0.990000,0.020000,0.700000,0.790000,10,8.381758,8.619672,0.237914,5,2.300000,2.300000,0.800000
civil,zai,541,users,llama-text-embed-v2,5,civil,linear-comb,cross-encoder,moving-average,static,0.500000,,,,0.500000,10,8.381758,9.834133,1.452375,8,2.300000,1.900000,0.900000
civil,zai,541,users,llama-text-embed-v2,5,civil,linear-comb,cross-encoder,moving-average,static,0.800000,,,,0.800000,10,8.381758,8.576604,0.194846,4,2.300000,2.300000,0.800000
civil,zai,541,users,llama-text-embed-v2,5,civil,linear-comb,cross-encoder,moving-average,static,0.950000,,,,0.950000,10,8.381758,8.431758,0.050000,1,2.300000,2.300000,0.800000
civil,zai,541,users,llama-text-embed-v2,5,civil,linear-comb,cross-encoder,none,sliding,,0.990000,0.020000,0.700000,0.990000,10,8.381758,8.381758,0.000000,0,2.300000,2.300000,0.800000
civil,zai,541,users,llama-text-embed-v2,5,civil,linear-comb,cross-encoder,none,static,0.500000,,,,0.500000,10,8.381758,8.381758,0.000000,0,2.300000,2.300000,0.800000
civil,zai,541,users,llama-text-embed-v2,5,civil,linear-comb,cross-encoder,none,static,0.800000,,,,0.800000,10,8.381758,8.381758,0.000000,0,2.300000,2.300000,0.800000
civil,zai,541,users,llama-text-embed-v2,5,civil,linear-comb,cross-encoder,none,static,0.950000,,,,0.950000,10,8.381758,8.381758,0.000000,0,2.300000,2.300000,0.800000
civil,zai,541,users,llama-text-embed-v2,5,civil,linear-comb,none,moving-average,sliding,,0.990000,0.020000,0.700000,0.790000,10,7.401783,8.689697,1.287914,7,2.700000,2.300000,0.800000
civil,zai,541,users,llama-text-embed-v2,5,civil,linear-comb,none,moving-average,static,0.500000,,,,0.500000,10,7.401783,9.164347,1.762564,6,2.700000,2.200000,0.900000
civil,zai,541,users,llama-text-embed-v2,5,civil,linear-comb,none,moving-average,static,0.800000,,,,0.800000,10,7.401783,8.281942,0.880158,6,2.700000,2.400000,0.800000
civil,zai,541,users,llama-text-embed-v2,5,civil,linear-comb,none,moving-average,static,0.950000,,,,0.950000,10,7.401783,7.600189,0.198405,3,2.700000,2.600000,0.800000
civil,zai,541,users,llama-text-embed-v2,5,civil,linear-comb,none,none,sliding,,0.990000,0.020000,0.700000,0.990000,10,7.401783,7.401783,0.000000,0,2.700000,2.700000,0.800000
civil,zai,541,users,llama-text-embed-v2,5,civil,linear-comb,none,none,static,0.500000,,,,0.500000,10,7.401783,7.401783,0.000000,0,2.700000,2.700000,0.800000
civil,zai,541,users,llama-text-embed-v2,5,civil,linear-comb,none,none,static,0.800000,,,,0.800000,10,7.401783,7.401783,0.000000,0,2.700000,2.700000,0.800000
civil,zai,541,users,llama-text-embed-v2,5,civil,linear-comb,none,none,static,0.950000,,,,0.950000,10,7.401783,7.401783,0.000000,0,2.700000,2.700000,0.800000
civil,zai,541,users,llama-text-embed-v2,5,civil,query-only,cross-encoder,moving-average,none,,,,,,10,8.381758,8.381758,0.000000,0,2.300000,2.300000,0.800000
civil,zai,541,users,llama-text-embed-v2,5,civil,query-only,cross-encoder,none,none,,,,,,10,8.381758,8.381758,0.000000,0,2.300000,2.300000,0.800000
civil,zai,541,users,llama-text-embed-v2,5,civil,query-only,none,moving-average,none,,,,,,10,7.401783,7.401783,0.000000,0,2.700000,2.700000,0.800000
civil,zai,541,users,llama-text-embed-v2,5,civil,query-only,none,none,none,,,,,,10,7.401783,7.401783,0.000000,0,2.700000,2.700000,0.800000
civil,zai,541,users,llama-text-embed-v2,5,civil,spherical-comb,cross-encoder,moving-average,sliding,,0.990000,0.050000,0.500000,0.500000,10,8.381758,9.834133,1.452375,8,2.300000,1.900000,0.900000
civil,zai,541,users,llama-text-embed-v2,5,civil,spherical-comb,cross-encoder,moving-average,static,0.500000,,,,0.500000,10,8.381758,9.834133,1.452375,8,2.300000,1.900000,0.900000
civil,zai,541,users,llama-text-embed-v2,5,civil,spherical-comb,cross-encoder,moving-average,static,0.800000,,,,0.800000,10,8.381758,8.737509,0.355750,6,2.300000,2.200000,0.800000
civil,zai,541,users,llama-text-embed-v2,5,civil,spherical-comb,cross-encoder,moving-average,static,0.950000,,,,0.950000,10,8.381758,8.431758,0.050000,1,2.300000,2.300000,0.800000
civil,zai,541,users,llama-text-embed-v2,5,civil,spherical-comb,cross-encoder,none,sliding,,0.990000,0.050000,0.500000,0.990000,10,8.381758,8.381758,0.000000,0,2.300000,2.300000,0.800000
civil,zai,541,users,llama-text-embed-v2,5,civil,spherical-comb,cross-encoder,none,static,0.500000,,,,0.500000,10,8.381758,8.381758,0.000000,0,2.300000,2.300000,0.800000
civil,zai,541,users,llama-text-embed-v2,5,civil,spherical-comb,cross-encoder,none,static,0.800000,,,,0.800000,10,8.381758,8.381758,0.000000,0,2.300000,2.300000,0.800000
civil,zai,541,users,llama-text-embed-v2,5,civil,spherical-comb,cross-encoder,none,static,0.950000,,,,0.950000,10,8.381758,8.381758,0.000000,0,2.300000,2.300000,0.800000
civil,zai,541,users,llama-text-embed-v2,5,civil,spherical-comb,none,moving-average,sliding,,0.990000,0.050000,0.500000,0.500000,10,7.401783,9.164347,1.762564,6,2.700000,2.200000,0.900000
civil,zai,541,users,llama-text-embed-v2,5,civil,spherical-comb,none,moving-average,static,0.500000,,,,0.500000,10,7.401783,9.164347,1.762564,6,2.700000,2.200000,0.900000
civil,zai,541,users,llama-text-embed-v2,5,civil,spherical-comb,none,moving-average,static,0.800000,,,,0.800000,10,7.401783,8.726604,1.324821,8,2.700000,2.300000,0.800000
civil,zai,541,users,llama-text-embed-v2,5,civil,spherical-comb,none,moving-average,static,0.950000,,,,0.950000,10,7.401783,7.600189,0.198405,3,2.700000,2.600000,0.800000
civil,zai,541,users,llama-text-embed-v2,5,civil,spherical-comb,none,none,sliding,,0.990000,0.050000,0.500000,0.990000,10,7.401783,7.401783,0.000000,0,2.700000,2.700000,0.800000
civil,zai,541,users,llama-text-embed-v2,5,civil,spherical-comb,none,none,static,0.500000,,,,0.500000,10,7.401783,7.401783,0.000000,0,2.700000,2.700000,0.800000
civil,zai,541,users,llama-text-embed-v2,5,civil,spherical-comb,none,none,static,0.800000,,,,0.800000,10,7.401783,7.401783,0.000000,0,2.700000,2.700000,0.800000
civil,zai,541,users,llama-text-embed-v2,5,civil,spherical-comb,none,none,static,0.950000,,,,0.950000,10,7.401783,7.401783,0.000000,0,2.700000,2.700000,0.800000
civil,zai,541,users,llama-text-embed-v2,5,minecraft,linear-comb,cross-encoder,moving-average,sliding,,0.990000,0.020000,0.700000,0.790000,10,5.602375,7.499595,1.897220,10,3.300000,2.700000,0.700000
civil,zai,541,users,llama-text-embed-v2,5,minecraft,linear-comb,cross-encoder,moving-average,static,0.500000,,,,0.500000,10,5.602375,9.716296,4.113921,10,3.300000,2.100000,0.800000
civil,zai,541,users,llama-text-embed-v2,5,minecraft,linear-comb,cross-encoder,moving-average,static,0.800000,,,,0.800000,10,5.602375,7.067432,1.465057,10,3.300000,2.800000,0.700000
civil,zai,541,users,llama-text-embed-v2,5,minecraft,linear-comb,cross-encoder,moving-average,static,0.950000,,,,0.950000,10,5.602375,5.784127,0.181753,4,3.300000,3.300000,0.600000
civil,zai,541,users,llama-text-embed-v2,5,minecraft,linear-comb,cross-encoder,none,sliding,,0.990000,0.020000,0.700000,0.990000,10,5.602375,5.602375,0.000000,0,3.300000,3.300000,0.600000
civil,zai,541,users,llama-text-embed-v2,5,minecraft,linear-comb,cross-encoder,none,static,0.500000,,,,0.500000,10,5.602375,5.602375,0.000000,0,3.300000,3.300000,0.600000
civil,zai,541,users,llama-text-embed-v2,5,minecraft,linear-comb,cross-encoder,none,static,0.800000,,,,0.800000,10,5.602375,5.602375,0.000000,0,3.300000,3.300000,0.600000
civil,zai,541,users,llama-text-embed-v2,5,minecraft,linear-comb,cross-encoder,none,static,0.950000,,,,0.950000,10,5.602375,5.602375,0.000000,0,3.300000,3.300000,0.600000
civil,zai,541,users,llama-text-embed-v2,5,minecraft,linear-comb,none,moving-average,sliding,,0.990000,0.020000,0.700000,0.790000,10,6.464512,7.720962,1.256450,10,3.000000,2.800000,0.700000
civil,zai,541,users,llama-text-embed-v2,5,minecraft,linear-comb,none,moving-average,static,0.500000,,,,0.500000,10,6.464512,7.462159,0.997647,5,3.000000,3.000000,0.800000
civil,zai,541,users,llama-text-embed-v2,5,minecraft,linear-comb,none,moving-average,static,0.800000,,,,0.800000,10,6.464512,7.682277,1.217764,10,3.000000,2.800000,0.700000
civil,zai,541,users,llama-text-embed-v2,5,minecraft,linear-comb,none,moving-average,static,0.950000,,,,0.950000,10,6.464512,6.673223,0.208711,7,3.000000,3.000000,0.600000
civil,zai,541,users,llama-text-embed-v2,5,minecraft,linear-comb,none,none,sliding,,0.990000,0.020000,0.700000,0.990000,10,6.464512,6.464512,0.000000,0,3.000000,3.000000,0.600000
civil,zai,541,users,llama-text-embed-v2,5,minecraft,linear-comb,none,none,static,0.500000,,,,0.500000,10,6.464512,6.464512,0.000000,0,3.000000,3.000000,0.600000
civil,zai,541,users,llama-text-embed-v2,5,minecraft,linear-comb,none,none,static,0.800000,,,,0.800000,10,6.464512,6.464512,0.000000,0,3.000000,3.000000,0.600000
civil,zai,541,users,llama-text-embed-v2,5,minecraft,linear-comb,none,none,static,0.950000,,,,0.950000,10,6.464512,6.464512,0.000000,0,3.000000,3.000000,0.600000
civil,zai,541,users,llama-text-embed-v2,5,minecraft,query-only,cross-encoder,moving-average,none,,,,,,10,5.602375,5.602375,0.000000,0,3.300000,3.300000,0.600000
civil,zai,541,users,llama-text-embed-v2,5,minecraft,query-only,cross-encoder,none,none,,,,,,10,5.602375,5.602375,0.000000,0,3.300000,3.300000,0.600000
civil,zai,541,users,llama-text-embed-v2,5,minecraft,query-only,none,moving-average,none,,,,,,10,6.464512,6.464512,0.000000,0,3.000000,3.000000,0.600000
civil,zai,541,users,llama-text-embed-v2,5,minecraft,query-only,none,none,none,,,,,,10,6.464512,6.464512,0.000000,0,3.000000,3.000000,0.600000
civil,zai,541,users,llama-text-embed-v2,5,minecraft,spherical-comb,cross-encoder,moving-average,sliding,,0.990000,0.050000,0.500000,0.500000,10,5.602375,9.716296,4.113921,10,3.300000,2.100000,0.800000
civil,zai,541,users,llama-text-embed-v2,5,minecraft,spherical-comb,cross-encoder,moving-average,static,0.500000,,,,0.500000,10,5.602375,9.716296,4.113921,10,3.300000,2.100000,0.800000
civil,zai,541,users,llama-text-embed-v2,5,minecraft,spherical-comb,cross-encoder,moving-average,static,0.800000,,,,0.800000,10,5.602375,7.499595,1.897220,10,3.300000,2.700000,0.700000
civil,zai,541,users,llama-text-embed-v2,5,minecraft,spherical-comb,cross-encoder,moving-average,static,0.950000,,,,0.950000,10,5.602375,5.847220,0.244846,5,3.300000,3.300000,0.600000
civil,zai,541,users,llama-text-embed-v2,5,minecraft,spherical-comb,cross-encoder,none,sliding,,0.990000,0.050000,0.500000,0.990000,10,5.602375,5.602375,0.000000,0,3.300000,3.300000,0.600000
civil,zai,541,users,llama-text-embed-v2,5,minecraft,spherical-comb,cross-encoder,none,static,0.500000,,,,0.500000,10,5.602375,5.602375,0.000000,0,3.300000,3.300000,0.600000
civil,zai,541,users,llama-text-embed-v2,5,minecraft,spherical-comb,cross-encoder,none,static,0.800000,,,,0.800000,10,5.602375,5.602375,0.000000,0,3.300000,3.300000,0.600000
civil,zai,541,users,llama-text-embed-v2,5,minecraft,spherical-comb,cross-encoder,none,static,0.950000,,,,0.950000,10,5.602375,5.602375,0.000000,0,3.300000,3.300000,0.600000
civil,zai,541,users,llama-text-embed-v2,5,minecraft,spherical-comb,none,moving-average,sliding,,0.990000,0.050000,0.500000,0.500000,10,6.464512,7.462159,0.997647,5,3.000000,3.000000,0.800000
civil,zai,541,users,llama-text-embed-v2,5,minecraft,spherical-comb,none,moving-average,static,0.500000,,,,0.500000,10,6.464512,7.462159,0.997647,5,3.000000,3.000000,0.800000
civil,zai,541,users,llama-text-embed-v2,5,minecraft,spherical-comb,none,moving-average,static,0.800000,,,,0.800000,10,6.464512,7.792820,1.328307,10,3.000000,2.800000,0.700000
civil,zai,541,users,llama-text-embed-v2,5,minecraft,spherical-comb,none,moving-average,static,0.950000,,,,0.950000,10,6.464512,6.729384,0.264871,7,3.000000,3.000000,0.600000
civil,zai,541,users,llama-text-embed-v2,5,minecraft,spherical-comb,none,none,sliding,,0.990000,0.050000,0.500000,0.990000,10,6.464512,6.464512,0.000000,0,3.000000,3.000000,0.600000
civil,zai,541,users,llama-text-embed-v2,5,minecraft,spherical-comb,none,none,static,0.500000,,,,0.500000,10,6.464512,6.464512,0.000000,0,3.000000,3.000000,0.600000
civil,zai,541,users,llama-text-embed-v2,5,minecraft,spherical-comb,none,none,static,0.800000,,,,0.800000,10,6.464512,6.464512,0.000000,0,3.000000,3.000000,0.600000
civil,zai,541,users,llama-text-embed-v2,5,minecraft,spherical-comb,none,none,static,0.950000,,,,0.950000,10,6.464512,6.464512,0.000000,0,3.000000,3.000000,0.600000
science,science,541,users,llama-text-embed-v2,5,biology,linear-comb,cross-encoder,moving-average,sliding,,0.990000,0.020000,0.700000,0.700000,30,1.122865,3.763997,2.641132,21,5.700000,4.566667,0.400000
science,science,541,users,llama-text-embed-v2,5,biology,linear-comb,cross-encoder,moving-average,static,0.500000,,,,0.500000,30,1.122865,6.319631,5.196766,29,5.700000,3.733333,0.566667
science,science,541,users,llama-text-embed-v2,5,biology,linear-comb,cross-encoder,moving-average,static,0.800000,,,,0.800000,30,1.122865,2.525853,1.402988,16,5.700000,5.133333,0.300000
science,science,541,users,llama-text-embed-v2,5,biology,linear-comb,cross-encoder,moving-average,static,0.950000,,,,0.950000,30,1.122865,1.156791,0.033926,2,5.700000,5.700000,0.100000
science,science,541,users,llama-text-embed-v2,5,biology,linear-comb,cross-encoder,none,sliding,,0.990000,0.020000,0.700000,0.990000,30,1.122865,1.122865,0.000000,0,5.700000,5.700000,0.100000
science,science,541,users,llama-text-embed-v2,5,biology,linear-comb,cross-encoder,none,static,0.500000,,,,0.500000,30,1.122865,1.122865,0.000000,0,5.700000,5.700000,0.100000
science,science,541,users,llama-text-embed-v2,5,biology,linear-comb,cross-encoder,none,static,0.800000,,,,0.800000,30,1.122865,1.122865,0.000000,0,5.700000,5.700000,0.100000
science,science,541,users,llama-text-embed-v2,5,biology,linear-comb,cross-encoder,none,static,0.950000,,,,0.950000,30,1.122865,1.122865,0.000000,0,5.700000,5.700000,0.100000
science,science,541,users,llama-text-embed-v2,5,biology,linear-comb,none,moving-average,sliding,,0.990000,0.020000,0.700000,0.700000,30,1.341016,3.910791,2.569775,21,5.600000,4.733333,0.400000
science,science,541,users,llama-text-embed-v2,5,biology,linear-comb,none,moving-average,static,0.500000,,,,0.500000,30,1.341016,5.940913,4.599897,29,5.600000,4.100000,0.566667
science,science,541,users,llama-text-embed-v2,5,biology,linear-comb,none,moving-average,static,0.800000,,,,0.800000,30,1.341016,2.997490,1.656474,18,5.600000,4.966667,0.300000
science,science,541,users,llama-text-embed-v2,5,biology,linear-comb,none,moving-average,static,0.950000,,,,0.950000,30,1.341016,1.436102,0.095086,6,5.600000,5.566667,0.100000
science,science,541,users,llama-text-embed-v2,5,biology,linear-comb,none,none,sliding,,0.990000,0.020000,0.700000,0.990000,30,1.341016,1.341016,0.000000,0,5.600000,5.600000,0.100000
science,science,541,users,llama-text-embed-v2,5,biology,linear-comb,none,none,static,0.500000,,,,0.500000,30,1.341016,1.341016,0.000000,0,5.600000,5.600000,0.100000
science,science,541,users,llama-text-embed-v2,5,biology,linear-comb,none,none,static,0.800000,,,,0.800000,30,1.341016,1.341016,0.000000,0,5.600000,5.600000,0.100000
science,science,541,users,llama-text-embed-v2,5,biology,linear-comb,none,none,static,0.950000,,,,0.950000,30,1.341016,1.341016,0.000000,0,5.600000,5.600000,0.100000
science,science,541,users,llama-text-embed-v2,5,biology,query-only,cross-encoder,moving-average,none,,,,,,30,1.122865,1.122865,0.000000,0,5.700000,5.700000,0.100000
science,science,541,users,llama-text-embed-v2,5,biology,query-only,cross-encoder,none,none,,,,,,30,1.122865,1.122865,0.000000,0,5.700000,5.700000,0.100000
science,science,541,users,llama-text-embed-v2,5,biology,query-only,none,moving-average,none,,,,,,30,1.341016,1.341016,0.000000,0,5.600000,5.600000,0.100000
science,science,541,users,llama-text-embed-v2,5,biology,query-only,none,none,none,,,,,,30,1.341016,1.341016,0.000000,0,5.600000,5.600000,0.100000
science,science,541,users,llama-text-embed-v2,5,biology,spherical-comb,cross-encoder,moving-average,sliding,,0.990000,0.050000,0.500000,0.500000,30,1.122865,6.319631,5.196766,29,5.700000,3.733333,0.566667
science,science,541,users,llama-text-embed-v2,5,biology,spherical-comb,cross-encoder,moving-average,static,0.500000,,,,0.500000,30,1.122865,6.319631,5.196766,29,5.700000,3.733333,0.566667
science,science,541,users,llama-text-embed-v2,5,biology,spherical-comb,cross-encoder,moving-average,static,0.800000,,,,0.800000,30,1.122865,3.045694,1.922829,19,5.700000,4.900000,0.333333
science,science,541,users,llama-text-embed-v2,5,biology,spherical-comb,cross-encoder,moving-average,static,0.950000,,,,0.950000,30,1.122865,1.171997,0.049132,3,5.700000,5.700000,0.100000
science,science,541,users,llama-text-embed-v2,5,biology,spherical-comb,cross-encoder,none,sliding,,0.990000,0.050000,0.500000,0.990000,30,1.122865,1.122865,0.000000,0,5.700000,5.700000,0.100000
science,science,541,users,llama-text-embed-v2,5,biology,spherical-comb,cross-encoder,none,static,0.500000,,,,0.500000,30,1.122865,1.122865,0.000000,0,5.700000,5.700000,0.100000
science,science,541,users,llama-text-embed-v2,5,biology,spherical-comb,cross-encoder,none,static,0.800000,,,,0.800000,30,1.122865,1.122865,0.000000,0,5.700000,5.700000,0.100000
science,science,541,users,llama-text-embed-v2,5,biology,spherical-comb,cross-encoder,none,static,0.950000,,,,0.950000,30,1.122865,1.122865,0.000000,0,5.700000,5.700000,0.100000
science,science,541,users,llama-text-embed-v2,5,biology,spherical-comb,none,moving-average,sliding,,0.990000,0.050000,0.500000,0.500000,30,1.341016,5.940913,4.599897,29,5.600000,4.100000,0.566667
science,science,541,users,llama-text-embed-v2,5,biology,spherical-comb,none,moving-average,static,0.500000,,,,0.500000,30,1.341016,5.940913,4.599897,29,5.600000,4.100000,0.566667
science,science,541,users,llama-text-embed-v2,5,biology,spherical-comb,none,moving-average,static,0.800000,,,,0.800000,30,1.341016,3.269012,1.927996,19,5.600000,4.900000,0.333333
science,science,541,users,llama-text-embed-v2,5,biology,spherical-comb,none,moving-average,static,0.950000,,,,0.950000,30,1.341016,1.459444,0.118428,8,5.600000,5.566667,0.100000
science,science,541,users,llama-text-embed-v2,5,biology,spherical-comb,none,none,sliding,,0.990000,0.050000,0.500000,0.990000,30,1.341016,1.341016,0.000000,0,5.600000,5.600000,0.100000
science,science,541,users,llama-text-embed-v2,5,biology,spherical-comb,none,none,static,0.500000,,,,0.500000,30,1.341016,1.341016,0.000000,0,5.600000,5.600000,0.100000
science,science,541,users,llama-text-embed-v2,5,biology,spherical-comb,none,none,static,0.800000,,,,0.800000,30,1.341016,1.341016,0.000000,0,5.600000,5.600000,0.100000
science,science,541,users,llama-text-embed-v2,5,biology,spherical-comb,none,none,static,0.950000,,,,0.950000,30,1.341016,1.341016,0.000000,0,5.600000,5.600000,0.100000
science,science,541,users,llama-text-embed-v2,5,chemistry,linear-comb,cross-encoder,moving-average,sliding,,0.990000,0.020000,0.700000,0.700000,30,3.344843,5.887082,2.542238,27,4.666667,3.666667,0.633333
science,science,541,users,llama-text-embed-v2,5,chemistry,linear-comb,cross-encoder,moving-average,static,0.500000,,,,0.500000,30,3.344843,6.564360,3.219517,27,4.666667,3.533333,0.633333
science,science,541,users,llama-text-embed-v2,5,chemistry,linear-comb,cross-encoder,moving-average,static,0.800000,,,,0.800000,30,3.344843,4.772944,1.428101,22,4.666667,4.100000,0.566667
science,science,541,users,llama-text-embed-v2,5,chemistry,linear-comb,cross-encoder,moving-average,static,0.950000,,,,0.950000,30,3.344843,3.544365,0.199522,6,4.666667,4.600000,0.366667
science,science,541,users,llama-text-embed-v2,5,chemistry,linear-comb,cross-encoder,none,sliding,,0.990000,0.020000,0.700000,0.990000,30,3.344843,3.344843,0.000000,0,4.666667,4.666667,0.333333
science,science,541,users,llama-text-embed-v2,5,chemistry,linear-comb,cross-encoder,none,static,0.500000,,,,0.500000,30,3.344843,3.344843,0.000000,0,4.666667,4.666667,0.333333
science,science,541,users,llama-text-embed-v2,5,chemistry,linear-comb,cross-encoder,none,static,0.800000,,,,0.800000,30,3.344843,3.344843,0.000000,0,4.666667,4.666667,0.333333
science,science,541,users,llama-text-embed-v2,5,chemistry,linear-comb,cross-encoder,none,static,0.950000,,,,0.950000,30,3.344843,3.344843,0.000000,0,4.666667,4.666667,0.333333
science,science,541,users,llama-text-embed-v2,5,chemistry,linear-comb,none,moving-average,sliding,,0.990000,0.020000,0.700000,0.700000,30,2.668323,5.997971,3.329648,29,4.933333,3.666667,0.633333
science,science,541,users,llama-text-embed-v2,5,chemistry,linear-comb,none,moving-average,static,0.500000,,,,0.500000,30,2.668323,7.055258,4.386936,28,4.933333,3.433333,0.633333
science,science,541,users,llama-text-embed-v2,5,chemistry,linear-comb,none,moving-average,static,0.800000,,,,0.800000,30,2.668323,4.761519,2.093196,25,4.933333,4.133333,0.566667
science,science,541,users,llama-text-embed-v2,5,chemistry,linear-comb,none,moving-average,static,0.950000,,,,0.950000,30,2.668323,3.037340,0.369017,14,4.933333,4.766667,0.366667
science,science,541,users,llama-text-embed-v2,5,chemistry,linear-comb,none,none,sliding,,0.990000,0.020000,0.700000,0.990000,30,2.668323,2.668323,0.000000,0,4.933333,4.933333,0.333333
science,science,541,users,llama-text-embed-v2,5,chemistry,linear-comb,none,none,static,0.500000,,,,0.500000,30,2.668323,2.668323,0.000000,0,4.933333,4.933333,0.333333
science,science,541,users,llama-text-embed-v2,5,chemistry,linear-comb,none,none,static,0.800000,,,,0.800000,30,2.668323,2.668323,0.000000,0,4.933333,4.933333,0.333333
science,science,541,users,llama-text-embed-v2,5,chemistry,linear-comb,none,none,static,0.950000,,,,0.950000,30,2.668323,2.668323,0.000000,0,4.933333,4.933333,0.333333
science,science,541,users,llama-text-embed-v2,5,chemistry,query-only,cross-encoder,moving-average,none,,,,,,30,3.344843,3.344843,0.000000,0,4.666667,4.666667,0.333333
science,science,541,users,llama-text-embed-v2,5,chemistry,query-only,cross-encoder,none,none,,,,,,30,3.344843,3.344843,0.000000,0,4.666667,4.666667,0.333333
science,science,541,users,llama-text-embed-v2,5,chemistry,query-only,none,moving-average,none,,,,,,30,2.668323,2.668323,0.000000,0,4.933333,4.933333,0.333333
science,science,541,users,llama-text-embed-v2,5,chemistry,query-only,none,none,none,,,,,,30,2.668323,2.668323,0.000000,0,4.933333,4.933333,0.333333
science,science,541,users,llama-text-embed-v2,5,chemistry,spherical-comb,cross-encoder,moving-average,sliding,,0.990000,0.050000,0.500000,0.500000,30,3.344843,6.564360,3.219517,27,4.666667,3.533333,0.633333
science,science,541,users,llama-text-embed-v2,5,chemistry,spherical-comb,cross-encoder,moving-average,static,0.500000,,,,0.500000,30,3.344843,6.564360,3.219517,27,4.666667,3.533333,0.633333
science,science,541,users,llama-text-embed-v2,5,chemistry,spherical-comb,cross-encoder,moving-average,static,0.800000,,,,0.800000,30,3.344843,4.553715,1.208871,23,4.666667,4.266667,0.500000
science,science,541,users,llama-text-embed-v2,5,chemistry,spherical-comb,cross-encoder,moving-average,static,0.950000,,,,0.950000,30,3.344843,3.558721,0.213877,7,4.666667,4.600000,0.366667
science,science,541,users,llama-text-embed-v2,5,chemistry,spherical-comb,cross-encoder,none,sliding,,0.990000,0.050000,0.500000,0.990000,30,3.344843,3.344843,0.000000,0,4.666667,4.666667,0.333333
science,science,541,users,llama-text-embed-v2,5,chemistry,spherical-comb,cross-encoder,none,static,0.500000,,,,0.500000,30,3.344843,3.344843,0.000000,0,4.666667,4.666667,0.333333
science,science,541,users,llama-text-embed-v2,5,chemistry,spherical-comb,cross-encoder,none,static,0.800000,,,,0.800000,30,3.344843,3.344843,0.000000,0,4.666667,4.666667,0.333333
science,science,541,users,llama-text-embed-v2,5,chemistry,spherical-comb,cross-encoder,none,static,0.950000,,,,0.950000,30,3.344843,3.344843,0.000000,0,4.666667,4.666667,0.333333
science,science,541,users,llama-text-embed-v2,5,chemistry,spherical-comb,none,moving-average,sliding,,0.990000,0.050000,0.500000,0.500000,30,2.668323,7.055258,4.386936,28,4.933333,3.433333,0.633333
science,science,541,users,llama-text-embed-v2,5,chemistry,spherical-comb,none,moving-average,static,0.500000,,,,0.500000,30,2.668323,7.055258,4.386936,28,4.933333,3.433333,0.633333
science,science,541,users,llama-text-embed-v2,5,chemistry,spherical-comb,none,moving-average,static,0.800000,,,,0.800000,30,2.668323,4.782305,2.113983,25,4.933333,4.100000,0.500000
science,science,541,users,llama-text-embed-v2,5,chemistry,spherical-comb,none,moving-average,static,0.950000,,,,0.950000,30,2.668323,3.054006,0.385684,14,4.933333,4.766667,0.366667
science,science,541,users,llama-text-embed-v2,5,chemistry,spherical-comb,none,none,sliding,,0.990000,0.050000,0.500000,0.990000,30,2.668323,2.668323,0.000000,0,4.933333,4.933333,0.333333
science,science,541,users,llama-text-embed-v2,5,chemistry,spherical-comb,none,none,static,0.500000,,,,0.500000,30,2.668323,2.668323,0.000000,0,4.933333,4.933333,0.333333
science,science,541,users,llama-text-embed-v2,5,chemistry,spherical-comb,none,none,static,0.800000,,,,0.800000,30,2.668323,2.668323,0.000000,0,4.933333,4.933333,0.333333
science,science,541,users,llama-text-embed-v2,5,chemistry,spherical-comb,none,none,static,0.950000,,,,0.950000,30,2.668323,2.668323,0.000000,0,4.933333,4.933333,0.333333
science,science,541,users,llama-text-embed-v2,5,physics,linear-comb,cross-encoder,moving-average,sliding,,0.990000,0.020000,0.700000,0.700000,30,4.130810,5.958994,1.828184,21,4.333333,3.700000,0.600000
science,science,541,users,llama-text-embed-v2,5,physics,linear-comb,cross-encoder,moving-average,static,0.500000,,,,0.500000,30,4.130810,7.913013,3.782203,25,4.333333,3.000000,0.700000
science,science,541,users,llama-text-embed-v2,5,physics,linear-comb,cross-encoder,moving-average,static,0.800000,,,,0.800000,30,4.130810,5.279101,1.148291,17,4.333333,3.933333,0.566667
science,science,541,users,llama-text-embed-v2,5,physics,linear-comb,cross-encoder,moving-average,static,0.950000,,,,0.950000,30,4.130810,4.128087,-0.002723,7,4.333333,4.366667,0.400000
science,science,541,users,llama-text-embed-v2,5,physics,linear-comb,cross-encoder,none,sliding,,0.990000,0.020000,0.700000,0.990000,30,4.130810,4.130810,0.000000,0,4.333333,4.333333,0.400000
science,science,541,users,llama-text-embed-v2,5,physics,linear-comb,cross-encoder,none,static,0.500000,,,,0.500000,30,4.130810,4.130810,0.000000,0,4.333333,4.333333,0.400000
science,science,541,users,llama-text-embed-v2,5,physics,linear-comb,cross-encoder,none,static,0.800000,,,,0.800000,30,4.130810,4.130810,0.000000,0,4.333333,4.333333,0.400000
science,science,541,users,llama-text-embed-v2,5,physics,linear-comb,cross-encoder,none,static,0.950000,,,,0.950000,30,4.130810,4.130810,0.000000,0,4.333333,4.333333,0.400000
science,science,541,users,llama-text-embed-v2,5,physics,linear-comb,none,moving-average,sliding,,0.990000,0.020000,0.700000,0.700000,30,3.910088,6.367779,2.457691,25,4.433333,3.633333,0.600000
science,science,541,users,llama-text-embed-v2,5,physics,linear-comb,none,moving-average,static,0.500000,,,,0.500000,30,3.910088,7.115732,3.205644,23,4.433333,3.400000,0.700000
science,science,541,users,llama-text-embed-v2,5,physics,linear-comb,none,moving-average,static,0.800000,,,,0.800000,30,3.910088,5.587566,1.677478,23,4.433333,3.866667,0.566667
science,science,541,users,llama-text-embed-v2,5,physics,linear-comb,none,moving-average,static,0.950000,,,,0.950000,30,3.910088,4.198185,0.288097,14,4.433333,4.333333,0.400000
science,science,541,users,llama-text-embed-v2,5,physics,linear-comb,none,none,sliding,,0.990000,0.020000,0.700000,0.990000,30,3.910088,3.910088,0.000000,0,4.433333,4.433333,0.400000
science,science,541,users,llama-text-embed-v2,5,physics,linear-comb,none,none,static,0.500000,,,,0.500000,30,3.910088,3.910088,0.000000,0,4.433333,4.433333,0.400000
science,science,541,users,llama-text-embed-v2,5,physics,linear-comb,none,none,static,0.800000,,,,0.800000,30,3.910088,3.910088,0.000000,0,4.433333,4.433333,0.400000
science,science,541,users,llama-text-embed-v2,5,physics,linear-comb,none,none,static,0.950000,,,,0.950000,30,3.910088,3.910088,0.000000,0,4.433333,4.433333,0.400000
science,science,541,users,llama-text-embed-v2,5,physics,query-only,cross-encoder,moving-average,none,,,,,,30,4.130810,4.130810,0.000000,0,4.333333,4.333333,0.400000
science,science,541,users,llama-text-embed-v2,5,physics,query-only,cross-encoder,none,none,,,,,,30,4.130810,4.130810,0.000000,0,4.333333,4.333333,0.400000
science,science,541,users,llama-text-embed-v2,5,physics,query-only,none,moving-average,none,,,,,,30,3.910088,3.910088,0.000000,0,4.433333,4.433333,0.400000
science,science,541,users,llama-text-embed-v2,5,physics,query-only,none,none,none,,,,,,30,3.910088,3.910088,0.000000,0,4.433333,4.433333,0.400000
science,science,541,users,llama-text-embed-v2,5,physics,spherical-comb,cross-encoder,moving-average,sliding,,0.990000,0.050000,0.500000,0.500000,30,4.130810,7.913013,3.782203,25,4.333333,3.000000,0.700000
science,science,541,users,llama-text-embed-v2,5,physics,spherical-comb,cross-encoder,moving-average,static,0.500000,,,,0.500000,30,4.130810,7.913013,3.782203,25,4.333333,3.000000,0.700000
science,science,541,users,llama-text-embed-v2,5,physics,spherical-comb,cross-encoder,moving-average,static,0.800000,,,,0.800000,30,4.130810,5.362770,1.231959,18,4.333333,3.933333,0.566667
science,science,541,users,llama-text-embed-v2,5,physics,spherical-comb,cross-encoder,moving-average,static,0.950000,,,,0.950000,30,4.130810,4.142443,0.011633,8,4.333333,4.366667,0.400000
science,science,541,users,llama-text-embed-v2,5,physics,spherical-comb,cross-encoder,none,sliding,,0.990000,0.050000,0.500000,0.990000,30,4.130810,4.130810,0.000000,0,4.333333,4.333333,0.400000
science,science,541,users,llama-text-embed-v2,5,physics,spherical-comb,cross-encoder,none,static,0.500000,,,,0.500000,30,4.130810,4.130810,0.000000,0,4.333333,4.333333,0.400000
science,science,541,users,llama-text-embed-v2,5,physics,spherical-comb,cross-encoder,none,static,0.800000,,,,0.800000,30,4.130810,4.130810,0.000000,0,4.333333,4.333333,0.400000
science,science,541,users,llama-text-embed-v2,5,physics,spherical-comb,cross-encoder,none,static,0.950000,,,,0.950000,30,4.130810,4.130810,0.000000,0,4.333333,4.333333,0.400000
science,science,541,users,llama-text-embed-v2,5,physics,spherical-comb,none,moving-average,sliding,,0.990000,0.050000,0.500000,0.500000,30,3.910088,7.115732,3.205644,23,4.433333,3.400000,0.700000
science,science,541,users,llama-text-embed-v2,5,physics,spherical-comb,none,moving-average,static,0.500000,,,,0.500000,30,3.910088,7.115732,3.205644,23,4.433333,3.400000,0.700000
science,science,541,users,llama-text-embed-v2,5,physics,spherical-comb,none,moving-average,static,0.800000,,,,0.800000,30,3.910088,5.807442,1.897355,23,4.433333,3.733333,0.566667
science,science,541,users,llama-text-embed-v2,5,physics,spherical-comb,none,moving-average,static,0.950000,,,,0.950000,30,3.910088,4.237600,0.327513,16,4.433333,4.333333,0.400000
science,science,541,users,llama-text-embed-v2,5,physics,spherical-comb,none,none,sliding,,0.990000,0.050000,0.500000,0.990000,30,3.910088,3.910088,0.000000,0,4.433333,4.433333,0.400000
science,science,541,users,llama-text-embed-v2,5,physics,spherical-comb,none,none,static,0.500000,,,,0.500000,30,3.910088,3.910088,0.000000,0,4.433333,4.433333,0.400000
science,science,541,users,llama-text-embed-v2,5,physics,spherical-comb,none,none,static,0.800000,,,,0.800000,30,3.910088,3.910088,0.000000,0,4.433333,4.433333,0.400000
science,science,541,users,llama-text-embed-v2,5,physics,spherical-comb,none,none,static,0.950000,,,,0.950000,30,3.910088,3.910088,0.000000,0,4.433333,4.433333,0.400000
sports2,sports2,541,users,llama-text-embed-v2,5,basketball,linear-comb,cross-encoder,moving-average,sliding,,0.990000,0.020000,0.700000,0.790000,10,3.481683,4.173261,0.691578,7,4.400000,4.200000,0.600000
sports2,sports2,541,users,llama-text-embed-v2,5,basketball,linear-comb,cross-encoder,moving-average,static,0.500000,,,,0.500000,10,3.481683,6.645966,3.164283,9,4.400000,3.300000,0.700000
sports2,sports2,541,users,llama-text-embed-v2,5,basketball,linear-comb,cross-encoder,moving-average,static,0.800000,,,,0.800000,10,3.481683,4.134576,0.652893,6,4.400000,4.200000,0.600000
sports2,sports2,541,users,llama-text-embed-v2,5,basketball,linear-comb,cross-encoder,moving-average,static,0.950000,,,,0.950000,10,3.481683,3.520368,0.038685,2,4.400000,4.400000,0.500000
sports2,sports2,541,users,llama-text-embed-v2,5,basketball,linear-comb,cross-encoder,none,sliding,,0.990000,0.020000,0.700000,0.990000,10,3.481683,3.481683,0.000000,0,4.400000,4.400000,0.500000
sports2,sports2,541,users,llama-text-embed-v2,5,basketball,linear-comb,cross-encoder,none,static,0.500000,,,,0.500000,10,3.481683,3.481683,0.000000,0,4.400000,4.400000,0.500000
sports2,sports2,541,users,llama-text-embed-v2,5,basketball,linear-comb,cross-encoder,none,static,0.800000,,,,0.800000,10,3.481683,3.481683,0.000000,0,4.400000,4.400000,0.500000
sports2,sports2,541,users,llama-text-embed-v2,5,basketball,linear-comb,cross-encoder,none,static,0.950000,,,,0.950000,10,3.481683,3.481683,0.000000,0,4.400000,4.400000,0.500000
sports2,sports2,541,users,llama-text-embed-v2,5,basketball,linear-comb,none,moving-average,sliding,,0.990000,0.020000,0.700000,0.790000,10,4.928377,5.661908,0.733531,8,3.700000,3.600000,0.600000
sports2,sports2,541,users,llama-text-embed-v2,5,basketball,linear-comb,none,moving-average,static,0.500000,,,,0.500000,10,4.928377,7.539700,2.611323,9,3.700000,2.900000,0.700000
sports2,sports2,541,users,llama-text-embed-v2,5,basketball,linear-comb,none,moving-average,static,0.800000,,,,0.800000,10,4.928377,5.623223,0.694846,7,3.700000,3.600000,0.600000
sports2,sports2,541,users,llama-text-embed-v2,5,basketball,linear-comb,none,moving-average,static,0.950000,,,,0.950000,10,4.928377,4.980210,0.051832,4,3.700000,3.700000,0.500000
sports2,sports2,541,users,llama-text-embed-v2,5,basketball,linear-comb,none,none,sliding,,0.990000,0.020000,0.700000,0.990000,10,4.928377,4.928377,0.000000,0,3.700000,3.700000,0.500000
sports2,sports2,541,users,llama-text-embed-v2,5,basketball,linear-comb,none,none,static,0.500000,,,,0.500000,10,4.928377,4.928377,0.000000,0,3.700000,3.700000,0.500000
sports2,sports2,541,users,llama-text-embed-v2,5,basketball,linear-comb,none,none,static,0.800000,,,,0.800000,10,4.928377,4.928377,0.000000,0,3.700000,3.700000,0.500000
sports2,sports2,541,users,llama-text-embed-v2,5,basketball,linear-comb,none,none,static,0.950000,,,,0.950000,10,4.928377,4.928377,0.000000,0,3.700000,3.700000,0.500000
sports2,sports2,541,users,llama-text-embed-v2,5,basketball,query-only,cross-encoder,moving-average,none,,,,,,10,3.481683,3.481683,0.000000,0,4.400000,4.400000,0.500000
sports2,sports2,541,users,llama-text-embed-v2,5,basketball,query-only,cross-encoder,none,none,,,,,,10,3.481683,3.481683,0.000000,0,4.400000,4.400000,0.500000
sports2,sports2,541,users,llama-text-embed-v2,5,basketball,query-only,none,moving-average,none,,,,,,10,4.928377,4.928377,0.000000,0,3.700000,3.700000,0.500000
sports2,sports2,541,users,llama-text-embed-v2,5,basketball,query-only,none,none,none,,,,,,10,4.928377,4.928377,0.000000,0,3.700000,3.700000,0.500000
sports2,sports2,541,users,llama-text-embed-v2,5,basketball,spherical-comb,cross-encoder,moving-average,sliding,,0.990000,0.050000,0.500000,0.500000,10,3.481683,6.645966,3.164283,9,4.400000,3.300000,0.700000
sports2,sports2,541,users,llama-text-embed-v2,5,basketball,spherical-comb,cross-encoder,moving-average,static,0.500000,,,,0.500000,10,3.481683,6.645966,3.164283,9,4.400000,3.300000,0.700000
sports2,sports2,541,users,llama-text-embed-v2,5,basketball,spherical-comb,cross-encoder,moving-average,static,0.800000,,,,0.800000,10,3.481683,4.246967,0.765284,7,4.400000,4.100000,0.600000
sports2,sports2,541,users,llama-text-embed-v2,5,basketball,spherical-comb,cross-encoder,moving-average,static,0.950000,,,,0.950000,10,3.481683,3.559054,0.077371,3,4.400000,4.400000,0.500000
sports2,sports2,541,users,llama-text-embed-v2,5,basketball,spherical-comb,cross-encoder,none,sliding,,0.990000,0.050000,0.500000,0.990000,10,3.481683,3.481683,0.000000,0,4.400000,4.400000,0.500000
sports2,sports2,541,users,llama-text-embed-v2,5,basketball,spherical-comb,cross-encoder,none,static,0.500000,,,,0.500000,10,3.481683,3.481683,0.000000,0,4.400000,4.400000,0.500000
sports2,sports2,541,users,llama-text-embed-v2,5,basketball,spherical-comb,cross-encoder,none,static,0.800000,,,,0.800000,10,3.481683,3.481683,0.000000,0,4.400000,4.400000,0.500000
sports2,sports2,541,users,llama-text-embed-v2,5,basketball,spherical-comb,cross-encoder,none,static,0.950000,,,,0.950000,10,3.481683,3.481683,0.000000,0,4.400000,4.400000,0.500000
sports2,sports2,541,users,llama-text-embed-v2,5,basketball,spherical-comb,none,moving-average,sliding,,0.990000,0.050000,0.500000,0.500000,10,4.928377,7.539700,2.611323,9,3.700000,2.900000,0.700000
sports2,sports2,541,users,llama-text-embed-v2,5,basketball,spherical-comb,none,moving-average,static,0.500000,,,,0.500000,10,4.928377,7.539700,2.611323,9,3.700000,2.900000,0.700000
sports2,sports2,541,users,llama-text-embed-v2,5,basketball,spherical-comb,none,moving-average,static,0.800000,,,,0.800000,10,4.928377,5.681934,0.753556,8,3.700000,3.600000,0.600000
sports2,sports2,541,users,llama-text-embed-v2,5,basketball,spherical-comb,none,moving-average,static,0.950000,,,,0.950000,10,4.928377,5.018895,0.090518,4,3.700000,3.700000,0.500000
sports2,sports2,541,users,llama-text-embed-v2,5,basketball,spherical-comb,none,none,sliding,,0.990000,0.050000,0.500000,0.990000,10,4.928377,4.928377,0.000000,0,3.700000,3.700000,0.500000
sports2,sports2,541,users,llama-text-embed-v2,5,basketball,spherical-comb,none,none,static,0.500000,,,,0.500000,10,4.928377,4.928377,0.000000,0,3.700000,3.700000,0.500000
sports2,sports2,541,users,llama-text-embed-v2,5,basketball,spherical-comb,none,none,static,0.800000,,,,0.800000,10,4.928377,4.928377,0.000000,0,3.700000,3.700000,0.500000
sports2,sports2,541,users,llama-text-embed-v2,5,basketball,spherical-comb,none,none,static,0.950000,,,,0.950000,10,4.928377,4.928377,0.000000,0,3.700000,3.700000,0.500000
sports2,sports2,541,users,llama-text-embed-v2,5,football,linear-comb,cross-encoder,moving-average,sliding,,0.990000,0.020000,0.700000,0.790000,10,3.714391,5.031761,1.317370,8,4.400000,3.900000,0.600000
sports2,sports2,541,users,llama-text-embed-v2,5,football,linear-comb,cross-encoder,moving-average,static,0.500000,,,,0.500000,10,3.714391,6.433866,2.719475,10,4.400000,3.600000,0.700000
sports2,sports2,541,users,llama-text-embed-v2,5,football,linear-comb,cross-encoder,moving-average,static,0.800000,,,,0.800000,10,3.714391,4.993075,1.278684,7,4.400000,3.900000,0.600000
sports2,sports2,541,users,llama-text-embed-v2,5,football,linear-comb,cross-encoder,moving-average,static,0.950000,,,,0.950000,10,3.714391,4.732174,1.017783,2,4.400000,3.900000,0.600000
sports2,sports2,541,users,llama-text-embed-v2,5,football,linear-comb,cross-encoder,none,sliding,,0.990000,0.020000,0.700000,0.990000,10,3.714391,3.714391,0.000000,0,4.400000,4.400000,0.400000
sports2,sports2,541,users,llama-text-embed-v2,5,football,linear-comb,cross-encoder,none,static,0.500000,,,,0.500000,10,3.714391,3.714391,0.000000,0,4.400000,4.400000,0.400000
sports2,sports2,541,users,llama-text-embed-v2,5,football,linear-comb,cross-encoder,none,static,0.800000,,,,0.800000,10,3.714391,3.714391,0.000000,0,4.400000,4.400000,0.400000
sports2,sports2,541,users,llama-text-embed-v2,5,football,linear-comb,cross-encoder,none,static,0.950000,,,,0.950000,10,3.714391,3.714391,0.000000,0,4.400000,4.400000,0.400000
sports2,sports2,541,users,llama-text-embed-v2,5,football,linear-comb,none,moving-average,sliding,,0.990000,0.020000,0.700000,0.790000,10,4.156757,6.526423,2.369667,9,4.100000,3.100000,0.600000
sports2,sports2,541,users,llama-text-embed-v2,5,football,linear-comb,none,moving-average,static,0.500000,,,,0.500000,10,4.156757,8.244441,4.087684,9,4.100000,2.700000,0.700000
sports2,sports2,541,users,llama-text-embed-v2,5,football,linear-comb,none,moving-average,static,0.800000,,,,0.800000,10,4.156757,6.352426,2.195669,8,4.100000,3.200000,0.600000
sports2,sports2,541,users,llama-text-embed-v2,5,football,linear-comb,none,moving-average,static,0.950000,,,,0.950000,10,4.156757,5.356449,1.199693,4,4.100000,3.700000,0.600000
sports2,sports2,541,users,llama-text-embed-v2,5,football,linear-comb,none,none,sliding,,0.990000,0.020000,0.700000,0.990000,10,4.156757,4.156757,0.000000,0,4.100000,4.100000,0.400000
sports2,sports2,541,users,llama-text-embed-v2,5,football,linear-comb,none,none,static,0.500000,,,,0.500000,10,4.156757,4.156757,0.000000,0,4.100000,4.100000,0.400000
sports2,sports2,541,users,llama-text-embed-v2,5,football,linear-comb,none,none,static,0.800000,,,,0.800000,10,4.156757,4.156757,0.000000,0,4.100000,4.100000,0.400000
sports2,sports2,541,users,llama-text-embed-v2,5,football,linear-comb,none,none,static,0.950000,,,,0.950000,10,4.156757,4.156757,0.000000,0,4.100000,4.100000,0.400000
sports2,sports2,541,users,llama-text-embed-v2,5,football,query-only,cross-encoder,moving-average,none,,,,,,10,3.714391,3.714391,0.000000,0,4.400000,4.400000,0.400000
sports2,sports2,541,users,llama-text-embed-v2,5,football,query-only,cross-encoder,none,none,,,,,,10,3.714391,3.714391,0.000000,0,4.400000,4.400000,0.400000
sports2,sports2,541,users,llama-text-embed-v2,5,football,query-only,none,moving-average,none,,,,,,10,4.156757,4.156757,0.000000,0,4.100000,4.100000,0.400000
sports2,sports2,541,users,llama-text-embed-v2,5,football,query-only,none,none,none,,,,,,10,4.156757,4.156757,0.000000,0,4.100000,4.100000,0.400000
sports2,sports2,541,users,llama-text-embed-v2,5,football,spherical-comb,cross-encoder,moving-average,sliding,,0.990000,0.050000,0.500000,0.500000,10,3.714391,6.433866,2.719475,10,4.400000,3.600000,0.700000
sports2,sports2,541,users,llama-text-embed-v2,5,football,spherical-comb,cross-encoder,moving-average,static,0.500000,,,,0.500000,10,3.714391,6.433866,2.719475,10,4.400000,3.600000,0.700000
sports2,sports2,541,users,llama-text-embed-v2,5,football,spherical-comb,cross-encoder,moving-average,static,0.800000,,,,0.800000,10,3.714391,5.156581,1.442190,10,4.400000,3.900000,0.600000
sports2,sports2,541,users,llama-text-embed-v2,5,football,spherical-comb,cross-encoder,moving-average,static,0.950000,,,,0.950000,10,3.714391,4.732174,1.017783,2,4.400000,3.900000,0.600000
sports2,sports2,541,users,llama-text-embed-v2,5,football,spherical-comb,cross-encoder,none,sliding,,0.990000,0.050000,0.500000,0.990000,10,3.714391,3.714391,0.000000,0,4.400000,4.400000,0.400000
sports2,sports2,541,users,llama-text-embed-v2,5,football,spherical-comb,cross-encoder,none,static,0.500000,,,,0.500000,10,3.714391,3.714391,0.000000,0,4.400000,4.400000,0.400000
sports2,sports2,541,users,llama-text-embed-v2,5,football,spherical-comb,cross-encoder,none,static,0.800000,,,,0.800000,10,3.714391,3.714391,0.000000,0,4.400000,4.400000,0.400000
sports2,sports2,541,users,llama-text-embed-v2,5,football,spherical-comb,cross-encoder,none,static,0.950000,,,,0.950000,10,3.714391,3.714391,0.000000,0,4.400000,4.400000,0.400000
sports2,sports2,541,users,llama-text-embed-v2,5,football,spherical-comb,none,moving-average,sliding,,0.990000,0.050000,0.500000,0.500000,10,4.156757,8.244441,4.087684,9,4.100000,2.700000,0.700000
sports2,sports2,541,users,llama-text-embed-v2,5,football,spherical-comb,none,moving-average,static,0.500000,,,,0.500000,10,4.156757,8.244441,4.087684,9,4.100000,2.700000,0.700000
sports2,sports2,541,users,llama-text-embed-v2,5,football,spherical-comb,none,moving-average,static,0.800000,,,,0.800000,10,4.156757,6.653794,2.497037,10,4.100000,3.100000,0.600000
sports2,sports2,541,users,llama-text-embed-v2,5,football,spherical-comb,none,moving-average,static,0.950000,,,,0.950000,10,4.156757,5.469597,1.312840,4,4.100000,3.500000,0.600000
sports2,sports2,541,users,llama-text-embed-v2,5,football,spherical-comb,none,none,sliding,,0.990000,0.050000,0.500000,0.990000,10,4.156757,4.156757,0.000000,0,4.100000,4.100000,0.400000
sports2,sports2,541,users,llama-text-embed-v2,5,football,spherical-comb,none,none,static,0.500000,,,,0.500000,10,4.156757,4.156757,0.000000,0,4.100000,4.100000,0.400000
sports2,sports2,541,users,llama-text-embed-v2,5,football,spherical-comb,none,none,static,0.800000,,,,0.800000,10,4.156757,4.156757,0.000000,0,4.100000,4.100000,0.400000
sports2,sports2,541,users,llama-text-embed-v2,5,football,spherical-comb,none,none,static,0.950000,,,,0.950000,10,4.156757,4.156757,0.000000,0,4.100000,4.100000,0.400000
sports2,sports2,541,users,llama-text-embed-v2,5,hockey,linear-comb,cross-encoder,moving-average,sliding,,0.990000,0.020000,0.700000,0.790000,10,3.409054,4.128416,0.719362,5,4.500000,4.300000,0.500000
sports2,sports2,541,users,llama-text-embed-v2,5,hockey,linear-comb,cross-encoder,moving-average,static,0.500000,,,,0.500000,10,3.409054,6.187018,2.777964,9,4.500000,3.500000,0.800000
sports2,sports2,541,users,llama-text-embed-v2,5,hockey,linear-comb,cross-encoder,moving-average,static,0.800000,,,,0.800000,10,3.409054,4.128416,0.719362,5,4.500000,4.300000,0.500000
sports2,sports2,541,users,llama-text-embed-v2,5,hockey,linear-comb,cross-encoder,moving-average,static,0.950000,,,,0.950000,10,3.409054,3.459054,0.050000,1,4.500000,4.500000,0.400000
sports2,sports2,541,users,llama-text-embed-v2,5,hockey,linear-comb,cross-encoder,none,sliding,,0.990000,0.020000,0.700000,0.990000,10,3.409054,3.409054,0.000000,0,4.500000,4.500000,0.400000
sports2,sports2,541,users,llama-text-embed-v2,5,hockey,linear-comb,cross-encoder,none,static,0.500000,,,,0.500000,10,3.409054,3.409054,0.000000,0,4.500000,4.500000,0.400000
sports2,sports2,541,users,llama-text-embed-v2,5,hockey,linear-comb,cross-encoder,none,static,0.800000,,,,0.800000,10,3.409054,3.409054,0.000000,0,4.500000,4.500000,0.400000
sports2,sports2,541,users,llama-text-embed-v2,5,hockey,linear-comb,cross-encoder,none,static,0.950000,,,,0.950000,10,3.409054,3.409054,0.000000,0,4.500000,4.500000,0.400000
sports2,sports2,541,users,llama-text-embed-v2,5,hockey,linear-comb,none,moving-average,sliding,,0.990000,0.020000,0.700000,0.790000,10,3.539282,4.350116,0.810835,7,4.300000,4.000000,0.500000
sports2,sports2,541,users,llama-text-embed-v2,5,hockey,linear-comb,none,moving-average,static,0.500000,,,,0.500000,10,3.539282,7.717950,4.178669,8,4.300000,2.700000,0.800000
sports2,sports2,541,users,llama-text-embed-v2,5,hockey,linear-comb,none,moving-average,static,0.800000,,,,0.800000,10,3.539282,4.343184,0.803902,7,4.300000,4.000000,0.500000
sports2,sports2,541,users,llama-text-embed-v2,5,hockey,linear-comb,none,moving-average,static,0.950000,,,,0.950000,10,3.539282,3.595442,0.056161,3,4.300000,4.300000,0.400000
sports2,sports2,541,users,llama-text-embed-v2,5,hockey,linear-comb,none,none,sliding,,0.990000,0.020000,0.700000,0.990000,10,3.539282,3.539282,0.000000,0,4.300000,4.300000,0.400000
sports2,sports2,541,users,llama-text-embed-v2,5,hockey,linear-comb,none,none,static,0.500000,,,,0.500000,10,3.539282,3.539282,0.000000,0,4.300000,4.300000,0.400000
sports2,sports2,541,users,llama-text-embed-v2,5,hockey,linear-comb,none,none,static,0.800000,,,,0.800000,10,3.539282,3.539282,0.000000,0,4.300000,4.300000,0.400000
sports2,sports2,541,users,llama-text-embed-v2,5,hockey,linear-comb,none,none,static,0.950000,,,,0.950000,10,3.539282,3.539282,0.000000,0,4.300000,4.300000,0.400000
sports2,sports2,541,users,llama-text-embed-v2,5,hockey,query-only,cross-encoder,moving-average,none,,,,,,10,3.409054,3.409054,0.000000,0,4.500000,4.500000,0.400000
sports2,sports2,541,users,llama-text-embed-v2,5,hockey,query-only,cross-encoder,none,none,,,,,,10,3.409054,3.409054,0.000000,0,4.500000,4.500000,0.400000
sports2,sports2,541,users,llama-text-embed-v2,5,hockey,query-only,none,moving-average,none,,,,,,10,3.539282,3.539282,0.000000,0,4.300000,4.300000,0.400000
sports2,sports2,541,users,llama-text-embed-v2,5,hockey,query-only,none,none,none,,,,,,10,3.539282,3.539282,0.000000,0,4.300000,4.300000,0.400000
sports2,sports2,541,users,llama-text-embed-v2,5,hockey,spherical-comb,cross-encoder,moving-average,sliding,,0.990000,0.050000,0.500000,0.500000,10,3.409054,6.187018,2.777964,9,4.500000,3.500000,0.800000
sports2,sports2,541,users,llama-text-embed-v2,5,hockey,spherical-comb,cross-encoder,moving-average,static,0.500000,,,,0.500000,10,3.409054,6.187018,2.777964,9,4.500000,3.500000,0.800000
sports2,sports2,541,users,llama-text-embed-v2,5,hockey,spherical-comb,cross-encoder,moving-average,static,0.800000,,,,0.800000,10,3.409054,4.218879,0.809825,6,4.500000,4.300000,0.500000
sports2,sports2,541,users,llama-text-embed-v2,5,hockey,spherical-comb,cross-encoder,moving-average,static,0.950000,,,,0.950000,10,3.409054,3.459054,0.050000,1,4.500000,4.500000,0.400000
sports2,sports2,541,users,llama-text-embed-v2,5,hockey,spherical-comb,cross-encoder,none,sliding,,0.990000,0.050000,0.500000,0.990000,10,3.409054,3.409054,0.000000,0,4.500000,4.500000,0.400000
sports2,sports2,541,users,llama-text-embed-v2,5,hockey,spherical-comb,cross-encoder,none,static,0.500000,,,,0.500000,10,3.409054,3.409054,0.000000,0,4.500000,4.500000,0.400000
sports2,sports2,541,users,llama-text-embed-v2,5,hockey,spherical-comb,cross-encoder,none,static,0.800000,,,,0.800000,10,3.409054,3.409054,0.000000,0,4.500000,4.500000,0.400000
sports2,sports2,541,users,llama-text-embed-v2,5,hockey,spherical-comb,cross-encoder,none,static,0.950000,,,,0.950000,10,3.409054,3.409054,0.000000,0,4.500000,4.500000,0.400000
sports2,sports2,541,users,llama-text-embed-v2,5,hockey,spherical-comb,none,moving-average,sliding,,0.990000,0.050000,0.500000,0.500000,10,3.539282,7.717950,4.178669,8,4.300000,2.700000,0.800000
sports2,sports2,541,users,llama-text-embed-v2,5,hockey,spherical-comb,none,moving-average,static,0.500000,,,,0.500000,10,3.539282,7.717950,4.178669,8,4.300000,2.700000,0.800000
sports2,sports2,541,users,llama-text-embed-v2,5,hockey,spherical-comb,none,moving-average,static,0.800000,,,,0.800000,10,3.539282,4.503742,0.964461,7,4.300000,3.900000,0.500000
sports2,sports2,541,users,llama-text-embed-v2,5,hockey,spherical-comb,none,moving-average,static,0.950000,,,,0.950000,10,3.539282,3.595442,0.056161,3,4.300000,4.300000,0.400000
sports2,sports2,541,users,llama-text-embed-v2,5,hockey,spherical-comb,none,none,sliding,,0.990000,0.050000,0.500000,0.990000,10,3.539282,3.539282,0.000000,0,4.300000,4.300000,0.400000
sports2,sports2,541,users,llama-text-embed-v2,5,hockey,spherical-comb,none,none,static,0.500000,,,,0.500000,10,3.539282,3.539282,0.000000,0,4.300000,4.300000,0.400000
sports2,sports2,541,users,llama-text-embed-v2,5,hockey,spherical-comb,none,none,static,0.800000,,,,0.800000,10,3.539282,3.539282,0.000000,0,4.300000,4.300000,0.400000
sports2,sports2,541,users,llama-text-embed-v2,5,hockey,spherical-comb,none,none,static,0.950000,,,,0.950000,10,3.539282,3.539282,0.000000,0,4.300000,4.300000,0.400000
sports2,sports2,541,users,llama-text-embed-v2,5,soccer,linear-comb,cross-encoder,moving-average,sliding,,0.990000,0.020000,0.700000,0.790000,10,1.559771,3.854366,2.294595,8,5.400000,4.300000,0.700000
sports2,sports2,541,users,llama-text-embed-v2,5,soccer,linear-comb,cross-encoder,moving-average,static,0.500000,,,,0.500000,10,1.559771,7.785374,6.225603,10,5.400000,2.600000,1.000000
sports2,sports2,541,users,llama-text-embed-v2,5,soccer,linear-comb,cross-encoder,moving-average,static,0.800000,,,,0.800000,10,1.559771,3.341937,1.782166,7,5.400000,4.500000,0.600000
sports2,sports2,541,users,llama-text-embed-v2,5,soccer,linear-comb,cross-encoder,moving-average,static,0.950000,,,,0.950000,10,1.559771,1.293357,-0.266415,2,5.400000,5.500000,0.200000
sports2,sports2,541,users,llama-text-embed-v2,5,soccer,linear-comb,cross-encoder,none,sliding,,0.990000,0.020000,0.700000,0.990000,10,1.559771,1.559771,0.000000,0,5.400000,5.400000,0.300000
sports2,sports2,541,users,llama-text-embed-v2,5,soccer,linear-comb,cross-encoder,none,static,0.500000,,,,0.500000,10,1.559771,1.559771,0.000000,0,5.400000,5.400000,0.300000
sports2,sports2,541,users,llama-text-embed-v2,5,soccer,linear-comb,cross-encoder,none,static,0.800000,,,,0.800000,10,1.559771,1.559771,0.000000,0,5.400000,5.400000,0.300000
sports2,sports2,541,users,llama-text-embed-v2,5,soccer,linear-comb,cross-encoder,none,static,0.950000,,,,0.950000,10,1.559771,1.559771,0.000000,0,5.400000,5.400000,0.300000
sports2,sports2,541,users,llama-text-embed-v2,5,soccer,linear-comb,none,moving-average,sliding,,0.990000,0.020000,0.700000,0.790000,10,1.825721,4.620913,2.795192,9,5.200000,4.100000,0.700000
sports2,sports2,541,users,llama-text-embed-v2,5,soccer,linear-comb,none,moving-average,static,0.500000,,,,0.500000,10,1.825721,8.918957,7.093235,10,5.200000,2.100000,1.000000
sports2,sports2,541,users,llama-text-embed-v2,5,soccer,linear-comb,none,moving-average,static,0.800000,,,,0.800000,10,1.825721,4.092841,2.267119,8,5.200000,4.300000,0.600000
sports2,sports2,541,users,llama-text-embed-v2,5,soccer,linear-comb,none,moving-average,static,0.950000,,,,0.950000,10,1.825721,1.685854,-0.139867,3,5.200000,5.200000,0.200000
sports2,sports2,541,users,llama-text-embed-v2,5,soccer,linear-comb,none,none,sliding,,0.990000,0.020000,0.700000,0.990000,10,1.825721,1.825721,0.000000,0,5.200000,5.200000,0.300000
sports2,sports2,541,users,llama-text-embed-v2,5,soccer,linear-comb,none,none,static,0.500000,,,,0.500000,10,1.825721,1.825721,0.000000,0,5.200000,5.200000,0.300000
sports2,sports2,541,users,llama-text-embed-v2,5,soccer,linear-comb,none,none,static,0.800000,,,,0.800000,10,1.825721,1.825721,0.000000,0,5.200000,5.200000,0.300000
sports2,sports2,541,users,llama-text-embed-v2,5,soccer,linear-comb,none,none,static,0.950000,,,,0.950000,10,1.825721,1.825721,0.000000,0,5.200000,5.200000,0.300000
sports2,sports2,541,users,llama-text-embed-v2,5,soccer,query-only,cross-encoder,moving-average,none,,,,,,10,1.559771,1.559771,0.000000,0,5.400000,5.400000,0.300000
sports2,sports2,541,users,llama-text-embed-v2,5,soccer,query-only,cross-encoder,none,none,,,,,,10,1.559771,1.559771,0.000000,0,5.400000,5.400000,0.300000
sports2,sports2,541,users,llama-text-embed-v2,5,soccer,query-only,none,moving-average,none,,,,,,10,1.825721,1.825721,0.000000,0,5.200000,5.200000,0.300000
sports2,sports2,541,users,llama-text-embed-v2,5,soccer,query-only,none,none,none,,,,,,10,1.825721,1.825721,0.000000,0,5.200000,5.200000,0.300000
sports2,sports2,541,users,llama-text-embed-v2,5,soccer,spherical-comb,cross-encoder,moving-average,sliding,,0.990000,0.050000,0.500000,0.500000,10,1.559771,7.785374,6.225603,10,5.400000,2.600000,1.000000
sports2,sports2,541,users,llama-text-embed-v2,5,soccer,spherical-comb,cross-encoder,moving-average,static,0.500000,,,,0.500000,10,1.559771,7.785374,6.225603,10,5.400000,2.600000,1.000000
sports2,sports2,541,users,llama-text-embed-v2,5,soccer,spherical-comb,cross-encoder,moving-average,static,0.800000,,,,0.800000,10,1.559771,4.196304,2.636532,8,5.400000,4.300000,0.800000
sports2,sports2,541,users,llama-text-embed-v2,5,soccer,spherical-comb,cross-encoder,moving-average,static,0.950000,,,,0.950000,10,1.559771,1.724033,0.164262,3,5.400000,5.300000,0.300000
sports2,sports2,541,users,llama-text-embed-v2,5,soccer,spherical-comb,cross-encoder,none,sliding,,0.990000,0.050000,0.500000,0.990000,10,1.559771,1.559771,0.000000,0,5.400000,5.400000,0.300000
sports2,sports2,541,users,llama-text-embed-v2,5,soccer,spherical-comb,cross-encoder,none,static,0.500000,,,,0.500000,10,1.559771,1.559771,0.000000,0,5.400000,5.400000,0.300000
sports2,sports2,541,users,llama-text-embed-v2,5,soccer,spherical-comb,cross-encoder,none,static,0.800000,,,,0.800000,10,1.559771,1.559771,0.000000,0,5.400000,5.400000,0.300000
sports2,sports2,541,users,llama-text-embed-v2,5,soccer,spherical-comb,cross-encoder,none,static,0.950000,,,,0.950000,10,1.559771,1.559771,0.000000,0,5.400000,5.400000,0.300000
sports2,sports2,541,users,llama-text-embed-v2,5,soccer,spherical-comb,none,moving-average,sliding,,0.990000,0.050000,0.500000,0.500000,10,1.825721,8.918957,7.093235,10,5.200000,2.100000,1.000000
sports2,sports2,541,users,llama-text-embed-v2,5,soccer,spherical-comb,none,moving-average,static,0.500000,,,,0.500000,10,1.825721,8.918957,7.093235,10,5.200000,2.100000,1.000000
sports2,sports2,541,users,llama-text-embed-v2,5,soccer,spherical-comb,none,moving-average,static,0.800000,,,,0.800000,10,1.825721,5.088497,3.262775,9,5.200000,3.900000,0.800000
sports2,sports2,541,users,llama-text-embed-v2,5,soccer,spherical-comb,none,moving-average,static,0.950000,,,,0.950000,10,1.825721,2.120913,0.295192,4,5.200000,5.000000,0.300000
sports2,sports2,541,users,llama-text-embed-v2,5,soccer,spherical-comb,none,none,sliding,,0.990000,0.050000,0.500000,0.990000,10,1.825721,1.825721,0.000000,0,5.200000,5.200000,0.300000
sports2,sports2,541,users,llama-text-embed-v2,5,soccer,spherical-comb,none,none,static,0.500000,,,,0.500000,10,1.825721,1.825721,0.000000,0,5.200000,5.200000,0.300000
sports2,sports2,541,users,llama-text-embed-v2,5,soccer,spherical-comb,none,none,static,0.800000,,,,0.800000,10,1.825721,1.825721,0.000000,0,5.200000,5.200000,0.300000
sports2,sports2,541,users,llama-text-embed-v2,5,soccer,spherical-comb,none,none,static,0.950000,,,,0.950000,10,1.825721,1.825721,0.000000,0,5.200000,5.200000,0.300000
